id;name;description;adress;rating
1;initiative;Riel projection Rubber;Tunisian connect embrace;36185
2;d'Abbeville;Agent Unbranded;b;79067
3;Account Mouse b;SMTP Computer e-markets;Dominique;54475
4;Producteur;alliance Bedfordshire Designer;transmit b transitional;88759
5;deliver;Handcrafted;Consultant CSS Garden;55559
6;Aquitaine revolutionize de;Avon relationships compress;Cedi leverage Plastic;9518
7;deposit connect;transmitting b;maroon Euro;42010
8;CSS Frozen Shoes;Producteur payment;system;79479
9;Tuna white;leverage;convergence TCP;99784
10;Cheese;Som;invoice;80311
